{
  "project_info": {
    "project_number": "604733958397",
    "project_id": "newfinalproject-29432",
    "storage_bucket": "newfinalproject-29432.appspot.com"
  },
  "client": [
    {
      "client_info": {
        "mobilesdk_app_id": "1:604733958397:android:75a51caae31d9983c5f694",
        "android_client_info": {
          "package_name": "com.example.newfinalproject"
        }
      },
      "oauth_client": [
        {
          "client_id": "604733958397-efmml2iub5rg0v08si02r6q1p96f5jlv.apps.googleusercontent.com",
          "client_type": 3
        }
      ],
      "api_key": [
        {
          "current_key": "AIzaSyCew8yhJkJAgXjQ0DXCoBpZSa35Y8h8q2Q"
        }
      ],
      "services": {
        "appinvite_service": {
          "other_platform_oauth_client": [
            {
              "client_id": "604733958397-efmml2iub5rg0v08si02r6q1p96f5jlv.apps.googleusercontent.com",
              "client_type": 3
            }
          ]
        }
      }
    }
  ],
  "configuration_version": "1"
}